{"iter": 4000, "train/loss": 6.1162567138671875, "val/loss": 6.157924175262451, "train/perplexity": 453.1651916503906, "val/perplexity": 472.44635009765625, "mfu": 0.05063578428325489, "_timestamp": 1703209385.8011193, "_runtime": 2759.723152399063, "_step": 4, "_wandb": {"runtime": 3193}}